theta0,theta1
8499.599649933174,-0.021448963591701883